id;civilite;nom;prenom;sexe;date_naissance;telephone;ville;code_postal;pays;quartier;email;observation
1;Mr;Spring Belize Dollar;architecture invoice Rhode Island;F;2020-04-03;389.935.3692;interfaces;Program hard drive Gorgeous;Internal PNG;Kids neural;">upz*@j.D;wi";e-markets Cambridgeshire
2;Mr;Associate Solomon Islands Dollar;Savings Account Mouse back-end;M;2020-04-03;406.295.2496 x8922;Refined Plastic Table;encoding haptic;Grocery;Via Corporate Enhanced;"tln8w=@Q-C:.!";Kwanza
3;Mr;Pants;distributed sexy Gorgeous;M;2020-04-03;893-888-5907 x699;Nauru;invoice;Keyboard Checking Account;Handmade Metal Shoes;"=Z&krp@eAC.H^u";invoice Bedfordshire
4;Mm;gold Home Loan Account;Delaware hacking;M;2020-04-03;676.107.8771;synthesize Saint Helena Pound withdrawal;navigate;ivory;payment revolutionary Handmade;"Wb-R@F_VH.S2uZ[";Officer Morocco
5;Mr;Grocery;systemic bandwidth;F;2020-04-03;1-444-779-1224;payment Junctions;Clothing morph;Sleek best-of-breed;Principal;"r@L.N0y";Buckinghamshire generating Credit Card Account
6;Mr;models;parsing Granite;F;2020-04-03;1-280-520-6829 x93852;knowledge base syndicate;Bacon Soft Yemeni Rial;Forward Bedfordshire Graphic Interface;maroon Direct Avon;"'/U@n%X.(4v?";architectures leverage
7;Mm;Pass Cheese;Investment Account Utah Cotton;F;2020-04-03;124.849.3458;Guinea Franc;Legacy Sharable;JSON;Networked;"UNd~hx@4S0XDT.+";streamline panel Wooden
8;Mm;payment;Handcrafted Granite Gloves seamless Intelligent Steel Ball;F;2020-04-03;(556) 603-6495 x2399;Tasty Fresh Computer Representative Small Concrete Salad;auxiliary;interface Applications;HDD metrics Palladium;"\,:I2@E\#.}E";Dominica
9;Mm;Developer;web services;M;2020-04-03;425-859-9787 x7217;Bacon Identity Plastic;modular matrices Books;generate;AGP;"eV<@hjTzH.c";overriding markets Peso Uruguayo Uruguay Peso en Unidades Indexadas
10;Mm;Nakfa;Tools project;M;2020-04-03;1-932-522-0836;Rial Omani navigating;Direct Brooks;customized Representative;Soft Tools;"(n}@jASF.B1tOQS";harness responsive
